PassengerId,Pclass,Age,Sex_male,prediction,Survived
1,1.0,0.2711736617240512,1.0,0.1129553653779606,0
2,0.0,0.4722292033174164,0.0,0.8960320561383252,1
3,1.0,0.32143754712239253,0.0,0.585096399192262,1
4,0.0,0.4345312892686604,0.0,0.9025151690127317,1
5,1.0,0.4345312892686604,1.0,0.08539941717090296,0
6,1.0,0.34656948982156316,1.0,0.09938355221770383,0
7,0.0,0.6732847449107816,1.0,0.32562490720080084,0
8,1.0,0.01985423473234481,1.0,0.17028601047797376,0
9,1.0,0.33400351847197784,0.0,0.5792914402887082,1
10,0.5,0.17064589092736868,0.0,0.8426902739750106,1
11,1.0,0.04498617743151546,0.0,0.7044879166860133,1
12,0.0,0.723548630309123,0.0,0.8424528110631679,1
13,1.0,0.24604171902488062,1.0,0.11782682033784951,0
14,1.0,0.4847951746670017,1.0,0.07823246386076023,0
15,1.0,0.17064589092736868,0.0,0.6525146260980371,1
16,0.5,0.685850716260367,0.0,0.6681691267304102,1
17,1.0,0.01985423473234481,1.0,0.17028601047797376,0
18,0.5,0.34656948982156316,1.0,0.23942746409486723,0
19,1.0,0.38426740387031916,0.0,0.5558670460034015,1
20,1.0,0.34656948982156316,0.0,0.5734644714029544,1
21,0.5,0.4345312892686604,1.0,0.21034014845593446,0
22,0.5,0.4219653179190751,1.0,0.21433146681613632,0
23,1.0,0.18321186227695402,0.0,0.6470839736789733,1
24,0.0,0.34656948982156316,1.0,0.47313860745913705,0
25,1.0,0.09525006282985675,0.0,0.6842345902642992,1
26,1.0,0.4722292033174164,0.0,0.5143335329602334,1
27,1.0,0.34656948982156316,1.0,0.09938355221770383,0
28,0.0,0.2334757476752953,1.0,0.526783415393757,1
29,1.0,0.34656948982156316,0.0,0.5734644714029544,1
30,1.0,0.34656948982156316,1.0,0.09938355221770383,0
31,0.0,0.49736114601658704,1.0,0.4027716682086187,0
32,0.0,0.34656948982156316,0.0,0.9162569796322024,1
33,1.0,0.34656948982156316,0.0,0.5734644714029544,1
34,0.5,0.8240764011058055,1.0,0.11277611617304097,0
35,0.0,0.34656948982156316,1.0,0.47313860745913705,0
36,0.0,0.5224930887157577,1.0,0.39134554831619206,0
37,1.0,0.34656948982156316,1.0,0.09938355221770383,0
38,1.0,0.2586076903744659,1.0,0.11536873578384468,0
39,1.0,0.22090977632571,0.0,0.6305671802860017,1
40,1.0,0.17064589092736868,0.0,0.6525146260980371,1
41,1.0,0.49736114601658704,0.0,0.5024049191526453,1
42,0.5,0.33400351847197784,0.0,0.7970790279255902,1
43,1.0,0.34656948982156316,1.0,0.09938355221770383,0
44,0.5,0.032420206081930136,0.0,0.8744508047675761,1
45,1.0,0.2334757476752953,0.0,0.6249906530036919,1
46,1.0,0.34656948982156316,1.0,0.09938355221770383,0
47,1.0,0.34656948982156316,1.0,0.09938355221770383,0
48,1.0,0.34656948982156316,0.0,0.5734644714029544,1
49,1.0,0.34656948982156316,1.0,0.09938355221770383,0
50,1.0,0.22090977632571,0.0,0.6305671802860017,1
51,1.0,0.08268409148027142,1.0,0.15408338827699036,0
52,1.0,0.2586076903744659,1.0,0.11536873578384468,0
53,0.0,0.610454888162855,0.0,0.8689125750850442,1
54,0.5,0.35913546117114853,0.0,0.7892494348625548,1
55,0.0,0.8115104297562202,1.0,0.270802297678011,0
56,0.0,0.34656948982156316,1.0,0.47313860745913705,0
57,0.5,0.2586076903744659,0.0,0.8192578606008942,1
58,1.0,0.35285247549635584,1.0,0.09832060812048848,0
59,0.5,0.05755214878110078,0.0,0.8691163525252343,1
60,1.0,0.1329479768786127,1.0,0.14204752315567667,0
61,1.0,0.2711736617240512,1.0,0.1129553653779606,0
62,0.0,0.4722292033174164,0.0,0.8960320561383252,1
63,0.0,0.5601910027645137,1.0,0.3744308066587185,0
64,1.0,0.04498617743151546,1.0,0.16364801236947868,0
65,0.0,0.34656948982156316,1.0,0.47313860745913705,0
66,1.0,0.34656948982156316,1.0,0.09938355221770383,0
67,0.5,0.35913546117114853,0.0,0.7892494348625548,1
68,1.0,0.2334757476752953,1.0,0.12033015375879,0
69,1.0,0.20834380497612465,0.0,0.6361090643325552,1
70,1.0,0.32143754712239253,1.0,0.10373814357411491,0
71,0.5,0.39683337521990447,1.0,0.22247844123728305,0
72,1.0,0.19577783362653933,0.0,0.641615063802843,1
73,0.5,0.2586076903744659,1.0,0.2711559541300368,0
74,1.0,0.32143754712239253,1.0,0.10373814357411491,0
75,1.0,0.39683337521990447,1.0,0.09115998559352682,0
76,1.0,0.3088715757728072,1.0,0.10597810974161165,0
77,1.0,0.34656948982156316,1.0,0.09938355221770383,0
78,1.0,0.34656948982156316,1.0,0.09938355221770383,0
79,0.5,0.005152048253329982,1.0,0.3758014304011813,0
80,1.0,0.37170143252073384,0.0,0.5617506982406497,1
81,1.0,0.2711736617240512,1.0,0.1129553653779606,0
82,1.0,0.35913546117114853,1.0,0.09726780478372725,0
83,1.0,0.34656948982156316,0.0,0.5734644714029544,1
84,0.0,0.34656948982156316,1.0,0.47313860745913705,0
85,0.5,0.20834380497612465,0.0,0.8329649230602827,1
86,1.0,0.4093993465694898,0.0,0.5440542372667598,1
87,1.0,0.19577783362653933,1.0,0.12811689470779902,0
88,1.0,0.34656948982156316,1.0,0.09938355221770383,0
89,0.0,0.2837396330736366,0.0,0.924969722938018,1
90,1.0,0.2963056044232219,1.0,0.10826060013746586,0
91,1.0,0.35913546117114853,1.0,0.09726780478372725,0
92,1.0,0.24604171902488062,1.0,0.11782682033784951,0
93,0.0,0.5727569741140991,1.0,0.36885780509089033,0
94,1.0,0.32143754712239253,1.0,0.10373814357411491,0
95,1.0,0.7361146016587082,1.0,0.050025165432192674,0
96,1.0,0.34656948982156316,1.0,0.09938355221770383,0
97,0.0,0.8869062578537321,1.0,0.24347042501123717,0
98,0.0,0.2837396330736366,1.0,0.5029439957892721,1
99,0.5,0.4219653179190751,0.0,0.7687171909761457,1
100,0.5,0.4219653179190751,1.0,0.21433146681613632,0
101,1.0,0.34656948982156316,0.0,0.5734644714029544,1
102,1.0,0.34656948982156316,1.0,0.09938355221770383,0
103,0.0,0.2586076903744659,1.0,0.5148721651897687,1
104,1.0,0.4093993465694898,1.0,0.08920196746910661,0
105,1.0,0.4596632319678311,1.0,0.08174441579297637,0
106,1.0,0.34656948982156316,1.0,0.09938355221770383,0
107,1.0,0.2586076903744659,0.0,0.6137388101924001,1
108,1.0,0.34656948982156316,1.0,0.09938355221770383,0
109,1.0,0.4722292033174164,1.0,0.0799708387314306,0
110,1.0,0.34656948982156316,0.0,0.5734644714029544,1
111,0.0,0.5853229454636844,1.0,0.36331957685172184,0
112,1.0,0.17692887660216136,0.0,0.6498041535894802,1
113,1.0,0.2711736617240512,1.0,0.1129553653779606,0
114,1.0,0.24604171902488062,0.0,0.6193807592419396,1
115,1.0,0.20834380497612465,0.0,0.6361090643325552,1
116,1.0,0.2586076903744659,1.0,0.11536873578384468,0
117,1.0,0.8806232721789394,1.0,0.03848071740010325,0
118,0.5,0.35913546117114853,1.0,0.2351086541892927,0
119,0.0,0.2963056044232219,1.0,0.4969778047996903,0
120,1.0,0.01985423473234481,0.0,0.7143266952056755,1
121,0.5,0.2586076903744659,1.0,0.2711559541300368,0
122,1.0,0.34656948982156316,1.0,0.09938355221770383,0
123,0.5,0.40311636089469716,1.0,0.22042116914019844,0
124,0.5,0.40311636089469716,0.0,0.7750203733850455,1
125,0.0,0.6732847449107816,1.0,0.32562490720080084,0
126,1.0,0.14551394822819805,1.0,0.13916385997178202,0
127,1.0,0.34656948982156316,1.0,0.09938355221770383,0
128,1.0,0.2963056044232219,1.0,0.10826060013746586,0
129,1.0,0.34656948982156316,0.0,0.5734644714029544,1
130,1.0,0.5601910027645137,1.0,0.06851045242790453,0
131,1.0,0.4093993465694898,1.0,0.08920196746910661,0
132,1.0,0.24604171902488062,1.0,0.11782682033784951,0
133,1.0,0.5853229454636844,0.0,0.46072219965496697,0
134,0.5,0.35913546117114853,0.0,0.7892494348625548,1
135,0.5,0.3088715757728072,1.0,0.2527071494709588,0
136,0.5,0.2837396330736366,1.0,0.2618267083871544,0
137,0.0,0.2334757476752953,0.0,0.9313318046729122,1
138,0.0,0.4596632319678311,1.0,0.42010690754803615,0
139,1.0,0.19577783362653933,1.0,0.12811689470779902,0
140,0.0,0.2963056044232219,1.0,0.4969778047996903,0
141,1.0,0.34656948982156316,0.0,0.5734644714029544,1
142,1.0,0.2711736617240512,0.0,0.6080661504290076,1
143,1.0,0.2963056044232219,0.0,0.5966342371518334,1
144,1.0,0.2334757476752953,1.0,0.12033015375879,0
145,0.5,0.22090977632571,1.0,0.28553477370235125,0
146,0.5,0.2334757476752953,1.0,0.2806912129923569,0
147,1.0,0.33400351847197784,1.0,0.10154014440066172,0
148,1.0,0.10781603417944208,0.0,0.6790558410869445,1
149,0.5,0.4533802462930384,1.0,0.20445591588661402,0
150,0.5,0.5224930887157577,1.0,0.18393198794132318,0
151,0.5,0.6355868308620256,1.0,0.1538501927430788,0
152,0.0,0.2711736617240512,0.0,0.9266092687875409,1
153,1.0,0.6921337019351597,1.0,0.05414715129926623,0
154,1.0,0.5036441316913798,1.0,0.07568968724047871,0
155,1.0,0.34656948982156316,1.0,0.09938355221770383,0
156,0.0,0.6355868308620256,1.0,0.34153859859015634,0
157,1.0,0.19577783362653933,0.0,0.641615063802843,1
158,1.0,0.37170143252073384,1.0,0.09519233813068421,0
159,1.0,0.34656948982156316,1.0,0.09938355221770383,0
160,1.0,0.34656948982156316,1.0,0.09938355221770383,0
161,1.0,0.5476250314149284,1.0,0.07004921507366701,0
162,0.5,0.49736114601658704,0.0,0.7422874236856993,1
163,1.0,0.32143754712239253,1.0,0.10373814357411491,0
164,1.0,0.20834380497612465,1.0,0.12547467351980926,0
165,1.0,0.007288263382759488,1.0,0.17368445144084535,0
166,1.0,0.10781603417944208,1.0,0.1479643574264506,0
167,0.0,0.34656948982156316,0.0,0.9162569796322024,1
168,1.0,0.5601910027645137,0.0,0.4726011025826209,0
169,0.0,0.34656948982156316,1.0,0.47313860745913705,0
170,1.0,0.34656948982156316,1.0,0.09938355221770383,0
171,0.0,0.7612465443578789,1.0,0.29005937899284706,0
172,1.0,0.04498617743151546,1.0,0.16364801236947868,0
173,1.0,0.007288263382759488,0.0,0.719171682173831,1
174,1.0,0.2586076903744659,1.0,0.11536873578384468,0
175,0.0,0.6984166876099522,1.0,0.3152321680371996,0
176,1.0,0.22090977632571,1.0,0.12287926438831145,0
177,1.0,0.34656948982156316,1.0,0.09938355221770383,0
178,0.0,0.6230208595124404,0.0,0.8661702487836361,1
179,0.5,0.37170143252073384,1.0,0.23084410266800792,0
180,1.0,0.4470972606182458,1.0,0.08355375471127424,0
181,1.0,0.34656948982156316,0.0,0.5734644714029544,1
182,0.5,0.34656948982156316,1.0,0.23942746409486723,0
183,1.0,0.10781603417944208,1.0,0.1479643574264506,0
184,0.5,0.007288263382759488,1.0,0.37485022776490745,0
185,1.0,0.04498617743151546,0.0,0.7044879166860133,1
186,0.0,0.34656948982156316,1.0,0.47313860745913705,0
187,1.0,0.34656948982156316,0.0,0.5734644714029544,1
188,0.0,0.5601910027645137,1.0,0.3744308066587185,0
189,1.0,0.49736114601658704,1.0,0.07652873385991152,0
190,1.0,0.4470972606182458,1.0,0.08355375471127424,0
191,0.5,0.39683337521990447,0.0,0.7770941434101735,1
192,0.5,0.2334757476752953,1.0,0.2806912129923569,0
193,1.0,0.2334757476752953,0.0,0.6249906530036919,1
194,0.5,0.032420206081930136,1.0,0.36373378848414945,0
195,0.0,0.5476250314149284,0.0,0.8819162820500299,1
196,0.0,0.723548630309123,0.0,0.8424528110631679,1
197,1.0,0.34656948982156316,1.0,0.09938355221770383,0
198,1.0,0.5224930887157577,1.0,0.07322299274755588,0
199,1.0,0.34656948982156316,0.0,0.5734644714029544,1
200,0.5,0.2963056044232219,0.0,0.8084132038715794,1
201,1.0,0.34656948982156316,1.0,0.09938355221770383,0
202,1.0,0.34656948982156316,1.0,0.09938355221770383,0
203,1.0,0.4219653179190751,1.0,0.08728196653191063,0
204,1.0,0.5664739884393064,1.0,0.0677528669220017,0
205,1.0,0.22090977632571,1.0,0.12287926438831145,0
206,1.0,0.01985423473234481,0.0,0.7143266952056755,1
207,1.0,0.39683337521990447,1.0,0.09115998559352682,0
208,1.0,0.32143754712239253,1.0,0.10373814357411491,0
209,1.0,0.19577783362653933,0.0,0.641615063802843,1
210,0.0,0.49736114601658704,1.0,0.4027716682086187,0
211,1.0,0.2963056044232219,1.0,0.10826060013746586,0
212,0.5,0.4345312892686604,0.0,0.7644470169178054,1
213,1.0,0.2711736617240512,1.0,0.1129553653779606,0
214,0.5,0.37170143252073384,1.0,0.23084410266800792,0
215,1.0,0.34656948982156316,1.0,0.09938355221770383,0
216,0.0,0.38426740387031916,0.0,0.9105972206968399,1
217,1.0,0.33400351847197784,0.0,0.5792914402887082,1
218,0.5,0.5224930887157577,1.0,0.18393198794132318,0
219,0.0,0.39683337521990447,0.0,0.9086352368429417,1
220,0.5,0.37170143252073384,1.0,0.23084410266800792,0
221,1.0,0.19577783362653933,1.0,0.12811689470779902,0
222,0.5,0.33400351847197784,1.0,0.2438003212263422,0
223,1.0,0.6355868308620256,1.0,0.05991806849357647,0
224,1.0,0.34656948982156316,1.0,0.09938355221770383,0
225,0.0,0.4722292033174164,1.0,0.4143043130187995,0
226,1.0,0.2711736617240512,1.0,0.1129553653779606,0
227,0.5,0.2334757476752953,1.0,0.2806912129923569,0
228,1.0,0.2523247046996733,1.0,0.11659215523067076,0
229,0.5,0.22090977632571,1.0,0.28553477370235125,0
230,1.0,0.34656948982156316,0.0,0.5734644714029544,1
231,0.0,0.4345312892686604,0.0,0.9025151690127317,1
232,1.0,0.35913546117114853,1.0,0.09726780478372725,0
233,0.5,0.7361146016587082,1.0,0.13060302676930569,0
234,1.0,0.05755214878110078,0.0,0.6994954523268194,1
235,0.5,0.2963056044232219,1.0,0.25724051325266417,0
236,1.0,0.34656948982156316,0.0,0.5734644714029544,1
237,0.5,0.5476250314149284,1.0,0.1768754467418473,0
238,0.5,0.09525006282985675,0.0,0.8607547825869057,1
239,0.5,0.2334757476752953,1.0,0.2806912129923569,0
240,0.5,0.4093993465694898,1.0,0.21837757769376712,0
241,1.0,0.34656948982156316,0.0,0.5734644714029544,1
242,1.0,0.34656948982156316,0.0,0.5734644714029544,1
243,0.5,0.35913546117114853,1.0,0.2351086541892927,0
244,1.0,0.2711736617240512,1.0,0.1129553653779606,0
245,1.0,0.37170143252073384,1.0,0.09519233813068421,0
246,0.0,0.5476250314149284,1.0,0.38003730841893446,0
247,1.0,0.3088715757728072,0.0,0.5908778292310296,1
248,0.5,0.2963056044232219,0.0,0.8084132038715794,1
249,0.0,0.4596632319678311,1.0,0.42010690754803615,0
250,0.5,0.6732847449107816,1.0,0.14475909923747302,0
251,1.0,0.34656948982156316,1.0,0.09938355221770383,0
252,1.0,0.35913546117114853,0.0,0.5676170355359567,1
253,0.0,0.7738125157074642,1.0,0.28516970121298113,0
254,1.0,0.37170143252073384,1.0,0.09519233813068421,0
255,1.0,0.5099271173661725,0.0,0.496438736104454,0
256,1.0,0.35913546117114853,0.0,0.5676170355359567,1
257,0.0,0.34656948982156316,0.0,0.9162569796322024,1
258,0.0,0.37170143252073384,0.0,0.9125211288053081,1
259,0.0,0.4345312892686604,0.0,0.9025151690127317,1
260,0.5,0.6230208595124404,0.0,0.6940752315189868,1
261,1.0,0.34656948982156316,1.0,0.09938355221770383,0
262,1.0,0.032420206081930136,1.0,0.16694063168620996,0
263,0.0,0.648152802211611,1.0,0.3361920611795572,0
264,0.0,0.49736114601658704,1.0,0.4027716682086187,0
265,1.0,0.34656948982156316,0.0,0.5734644714029544,1
266,0.5,0.4470972606182458,1.0,0.2064036306132207,0
267,1.0,0.19577783362653933,1.0,0.12811689470779902,0
268,1.0,0.3088715757728072,1.0,0.10597810974161165,0
269,0.0,0.723548630309123,0.0,0.8424528110631679,1
270,0.0,0.4345312892686604,0.0,0.9025151690127317,1
271,0.0,0.34656948982156316,1.0,0.47313860745913705,0
272,1.0,0.3088715757728072,1.0,0.10597810974161165,0
273,0.5,0.5099271173661725,0.0,0.7376957845534756,1
274,0.0,0.4596632319678311,1.0,0.42010690754803615,0
275,1.0,0.34656948982156316,0.0,0.5734644714029544,1
276,0.0,0.7863784870570495,0.0,0.8259608912012898,1
277,1.0,0.5601910027645137,0.0,0.4726011025826209,0
278,0.5,0.34656948982156316,1.0,0.23942746409486723,0
279,1.0,0.08268409148027142,1.0,0.15408338827699036,0
280,1.0,0.4345312892686604,0.0,0.5321916554296263,1
281,1.0,0.8115104297562202,1.0,0.04364253173873128,0
282,1.0,0.34656948982156316,1.0,0.09938355221770383,0
283,1.0,0.19577783362653933,1.0,0.12811689470779902,0
284,1.0,0.2334757476752953,1.0,0.12033015375879,0
285,0.0,0.34656948982156316,1.0,0.47313860745913705,0
286,1.0,0.4093993465694898,1.0,0.08920196746910661,0
287,1.0,0.37170143252073384,1.0,0.09519233813068421,0
288,1.0,0.2711736617240512,1.0,0.1129553653779606,0
289,0.5,0.5224930887157577,1.0,0.18393198794132318,0
290,1.0,0.2711736617240512,0.0,0.6080661504290076,1
291,0.0,0.32143754712239253,0.0,0.9198473017912832,1
292,0.0,0.2334757476752953,0.0,0.9313318046729122,1
293,0.5,0.4470972606182458,1.0,0.2064036306132207,0
294,1.0,0.2963056044232219,0.0,0.5966342371518334,1
295,1.0,0.2963056044232219,1.0,0.10826060013746586,0
296,0.0,0.34656948982156316,1.0,0.47313860745913705,0
297,1.0,0.2900226187484292,1.0,0.10941796516429571,0
298,0.0,0.01985423473234481,0.0,0.9531595548653545,1
299,0.0,0.34656948982156316,1.0,0.47313860745913705,0
300,0.0,0.6230208595124404,0.0,0.8661702487836361,1
301,1.0,0.34656948982156316,0.0,0.5734644714029544,1
302,1.0,0.34656948982156316,1.0,0.09938355221770383,0
303,1.0,0.2334757476752953,1.0,0.12033015375879,0
304,0.5,0.34656948982156316,0.0,0.7931916220503656,1
305,1.0,0.34656948982156316,1.0,0.09938355221770383,0
306,0.0,0.006282985674792663,1.0,0.6315137605510027,1
307,0.0,0.34656948982156316,0.0,0.9162569796322024,1
308,0.0,0.20834380497612465,0.0,0.9343221499651037,1
309,0.5,0.37170143252073384,1.0,0.23084410266800792,0
310,0.0,0.37170143252073384,0.0,0.9125211288053081,1
311,0.0,0.2963056044232219,0.0,0.9232965816668455,1
312,0.0,0.22090977632571,0.0,0.9328424214276587,1
313,0.5,0.32143754712239253,0.0,0.8009117025328835,1
314,1.0,0.34656948982156316,1.0,0.09938355221770383,0
315,0.5,0.5350590600653431,1.0,0.1803768055964799,0
316,1.0,0.32143754712239253,0.0,0.585096399192262,1
317,0.5,0.2963056044232219,0.0,0.8084132038715794,1
318,0.5,0.6732847449107816,1.0,0.14475909923747302,0
319,0.0,0.38426740387031916,0.0,0.9105972206968399,1
320,0.0,0.49736114601658704,0.0,0.8915007942178919,1
321,1.0,0.2711736617240512,1.0,0.1129553653779606,0
322,1.0,0.33400351847197784,1.0,0.10154014440066172,0
323,0.5,0.37170143252073384,0.0,0.7852524465326375,1
324,0.5,0.2711736617240512,0.0,0.815697096773997,1
325,1.0,0.34656948982156316,1.0,0.09938355221770383,0
326,0.0,0.4470972606182458,0.0,0.9003952217420756,1
327,1.0,0.7612465443578789,1.0,0.047805009459569385,0
328,0.5,0.4470972606182458,0.0,0.7601226046507918,1
329,1.0,0.38426740387031916,0.0,0.5558670460034015,1
330,0.0,0.19577783362653933,0.0,0.9357715194944577,1
331,1.0,0.34656948982156316,0.0,0.5734644714029544,1
332,0.0,0.5664739884393064,1.0,0.3716400379584448,0
333,0.0,0.4722292033174164,1.0,0.4143043130187995,0
334,1.0,0.19577783362653933,1.0,0.12811689470779902,0
335,0.0,0.34656948982156316,0.0,0.9162569796322024,1
336,1.0,0.34656948982156316,1.0,0.09938355221770383,0
337,0.0,0.35913546117114853,1.0,0.46719365824957104,0
338,0.0,0.5099271173661725,0.0,0.8891707371663674,1
339,1.0,0.5601910027645137,1.0,0.06851045242790453,0
340,0.0,0.5601910027645137,1.0,0.3744308066587185,0
341,0.5,0.01985423473234481,1.0,0.36927466860164493,0
342,0.0,0.2963056044232219,0.0,0.9232965816668455,1
343,0.5,0.34656948982156316,1.0,0.23942746409486723,0
344,0.5,0.3088715757728072,1.0,0.2527071494709588,0
345,0.5,0.4470972606182458,1.0,0.2064036306132207,0
346,0.5,0.2963056044232219,0.0,0.8084132038715794,1
347,0.5,0.49736114601658704,0.0,0.7422874236856993,1
348,1.0,0.34656948982156316,0.0,0.5734644714029544,1
349,1.0,0.032420206081930136,1.0,0.16694063168620996,0
350,1.0,0.5224930887157577,1.0,0.07322299274755588,0
351,1.0,0.2837396330736366,1.0,0.1105861686755344,0
352,0.0,0.34656948982156316,1.0,0.47313860745913705,0
353,1.0,0.18321186227695402,1.0,0.13080643305800693,0
354,1.0,0.3088715757728072,1.0,0.10597810974161165,0
355,1.0,0.34656948982156316,1.0,0.09938355221770383,0
356,1.0,0.34656948982156316,1.0,0.09938355221770383,0
357,0.0,0.2711736617240512,0.0,0.9266092687875409,1
358,0.5,0.4722292033174164,0.0,0.7513119616445657,1
359,1.0,0.34656948982156316,0.0,0.5734644714029544,1
360,1.0,0.34656948982156316,0.0,0.5734644714029544,1
361,1.0,0.49736114601658704,1.0,0.07652873385991152,0
362,0.5,0.35913546117114853,1.0,0.2351086541892927,0
363,1.0,0.5601910027645137,0.0,0.4726011025826209,0
364,1.0,0.4345312892686604,1.0,0.08539941717090296,0
365,1.0,0.34656948982156316,1.0,0.09938355221770383,0
366,1.0,0.37170143252073384,1.0,0.09519233813068421,0
367,0.0,0.7486805730082936,0.0,0.8360137571771477,1
368,1.0,0.34656948982156316,0.0,0.5734644714029544,1
369,1.0,0.34656948982156316,0.0,0.5734644714029544,1
370,0.0,0.2963056044232219,0.0,0.9232965816668455,1
371,0.0,0.3088715757728072,1.0,0.49101247432823986,0
372,1.0,0.22090977632571,1.0,0.12287926438831145,0
373,1.0,0.2334757476752953,1.0,0.12033015375879,0
374,0.0,0.2711736617240512,1.0,0.5089093485250963,1
375,1.0,0.032420206081930136,0.0,0.7094318923882961,1
376,0.0,0.34656948982156316,0.0,0.9162569796322024,1
377,1.0,0.2711736617240512,0.0,0.6080661504290076,1
378,0.0,0.33400351847197784,1.0,0.47909118319610156,0
379,1.0,0.24604171902488062,1.0,0.11782682033784951,0
380,1.0,0.2334757476752953,1.0,0.12033015375879,0
381,0.0,0.5224930887157577,0.0,0.8867969952885472,1
382,1.0,0.007288263382759488,0.0,0.719171682173831,1
383,1.0,0.39683337521990447,1.0,0.09115998559352682,0
384,0.0,0.4345312892686604,0.0,0.9025151690127317,1
385,1.0,0.34656948982156316,1.0,0.09938355221770383,0
386,0.5,0.22090977632571,1.0,0.28553477370235125,0
387,1.0,0.007288263382759488,1.0,0.17368445144084535,0
388,0.5,0.4470972606182458,0.0,0.7601226046507918,1
389,1.0,0.34656948982156316,1.0,0.09938355221770383,0
390,0.5,0.20834380497612465,0.0,0.8329649230602827,1
391,0.0,0.4470972606182458,1.0,0.42593167035423163,0
392,1.0,0.2586076903744659,1.0,0.11536873578384468,0
393,1.0,0.34656948982156316,1.0,0.09938355221770383,0
394,0.0,0.2837396330736366,0.0,0.924969722938018,1
395,1.0,0.2963056044232219,0.0,0.5966342371518334,1
396,1.0,0.2711736617240512,1.0,0.1129553653779606,0
397,1.0,0.38426740387031916,0.0,0.5558670460034015,1
398,0.5,0.5727569741140991,1.0,0.1700332222600571,0
399,0.5,0.2837396330736366,1.0,0.2618267083871544,0
400,0.5,0.34656948982156316,0.0,0.7931916220503656,1
401,1.0,0.4847951746670017,1.0,0.07823246386076023,0
402,1.0,0.32143754712239253,1.0,0.10373814357411491,0
403,1.0,0.2586076903744659,0.0,0.6137388101924001,1
404,1.0,0.34656948982156316,1.0,0.09938355221770383,0
405,1.0,0.24604171902488062,0.0,0.6193807592419396,1
406,0.5,0.4219653179190751,1.0,0.21433146681613632,0
407,1.0,0.6355868308620256,1.0,0.05991806849357647,0
408,0.5,0.032420206081930136,1.0,0.36373378848414945,0
409,1.0,0.2586076903744659,1.0,0.11536873578384468,0
410,1.0,0.34656948982156316,0.0,0.5734644714029544,1
411,1.0,0.34656948982156316,1.0,0.09938355221770383,0
412,1.0,0.34656948982156316,1.0,0.09938355221770383,0
413,0.0,0.4093993465694898,0.0,0.9066346110606035,1
414,0.5,0.34656948982156316,1.0,0.23942746409486723,0
415,1.0,0.5476250314149284,1.0,0.07004921507366701,0
416,1.0,0.34656948982156316,0.0,0.5734644714029544,1
417,0.5,0.4219653179190751,0.0,0.7687171909761457,1
418,0.5,0.22090977632571,0.0,0.8296180387378906,1
419,0.5,0.37170143252073384,1.0,0.23084410266800792,0
420,1.0,0.12038200552902739,0.0,0.6738326446737019,1
421,1.0,0.34656948982156316,1.0,0.09938355221770383,0
422,1.0,0.2586076903744659,1.0,0.11536873578384468,0
423,1.0,0.35913546117114853,1.0,0.09726780478372725,0
424,1.0,0.34656948982156316,0.0,0.5734644714029544,1
425,1.0,0.22090977632571,1.0,0.12287926438831145,0
426,1.0,0.34656948982156316,1.0,0.09938355221770383,0
427,0.5,0.34656948982156316,0.0,0.7931916220503656,1
428,0.5,0.2334757476752953,0.0,0.8262180839358361,1
429,1.0,0.34656948982156316,1.0,0.09938355221770383,0
430,1.0,0.39683337521990447,1.0,0.09115998559352682,0
431,0.0,0.34656948982156316,1.0,0.47313860745913705,0
432,1.0,0.34656948982156316,0.0,0.5734644714029544,1
433,0.5,0.5224930887157577,0.0,0.7330517574723008,1
434,1.0,0.20834380497612465,1.0,0.12547467351980926,0
435,0.0,0.6230208595124404,1.0,0.3469257254526695,0
436,0.0,0.17064589092736868,0.0,0.9385812754068669,1
437,1.0,0.2586076903744659,0.0,0.6137388101924001,1
438,0.5,0.2963056044232219,0.0,0.8084132038715794,1
439,0.0,0.7989444584066349,1.0,0.27554058335072273,0
440,0.5,0.38426740387031916,1.0,0.22663398490823425,0
441,0.5,0.5601910027645137,0.0,0.7188099812416494,1
442,1.0,0.24604171902488062,1.0,0.11782682033784951,0
443,1.0,0.3088715757728072,1.0,0.10597810974161165,0
444,0.5,0.34656948982156316,0.0,0.7931916220503656,1
445,1.0,0.34656948982156316,1.0,0.09938355221770383,0
446,0.0,0.04498617743151546,1.0,0.6142498808635037,1
447,0.5,0.15807991957778336,0.0,0.845828094190928,1
448,0.0,0.4219653179190751,1.0,0.43764151577178556,0
449,1.0,0.05755214878110078,0.0,0.6994954523268194,1
450,0.0,0.648152802211611,1.0,0.3361920611795572,0
451,0.5,0.4470972606182458,1.0,0.2064036306132207,0
452,1.0,0.34656948982156316,1.0,0.09938355221770383,0
453,0.0,0.37170143252073384,1.0,0.4612580102139295,0
454,0.0,0.610454888162855,1.0,0.3523523544400142,0
455,1.0,0.34656948982156316,1.0,0.09938355221770383,0
456,1.0,0.35913546117114853,1.0,0.09726780478372725,0
457,0.0,0.8115104297562202,1.0,0.270802297678011,0
458,0.0,0.34656948982156316,0.0,0.9162569796322024,1
459,0.5,0.6230208595124404,0.0,0.6940752315189868,1
460,1.0,0.34656948982156316,1.0,0.09938355221770383,0
461,0.0,0.5978889168132697,1.0,0.3578173595644258,0
462,1.0,0.4219653179190751,1.0,0.08728196653191063,0
463,0.0,0.5853229454636844,1.0,0.36331957685172184,0
464,0.5,0.5978889168132697,1.0,0.16340313755770294,0
465,1.0,0.34656948982156316,1.0,0.09938355221770383,0
466,1.0,0.4722292033174164,1.0,0.0799708387314306,0
467,0.5,0.34656948982156316,1.0,0.23942746409486723,0
468,0.0,0.6984166876099522,1.0,0.3152321680371996,0
469,1.0,0.34656948982156316,1.0,0.09938355221770383,0
470,1.0,0.0041467705453631576,0.0,0.7203750737581233,1
471,1.0,0.34656948982156316,1.0,0.09938355221770383,0
472,1.0,0.4722292033174164,1.0,0.0799708387314306,0
473,0.5,0.4093993465694898,0.0,0.7729329477799037,1
474,0.5,0.2837396330736366,0.0,0.8120822737362706,1
475,1.0,0.2711736617240512,0.0,0.6080661504290076,1
476,0.0,0.34656948982156316,1.0,0.47313860745913705,0
477,0.5,0.4219653179190751,1.0,0.21433146681613632,0
478,1.0,0.35913546117114853,1.0,0.09726780478372725,0
479,1.0,0.2711736617240512,1.0,0.1129553653779606,0
480,1.0,0.01985423473234481,0.0,0.7143266952056755,1
481,1.0,0.10781603417944208,1.0,0.1479643574264506,0
482,0.5,0.34656948982156316,1.0,0.23942746409486723,0
483,1.0,0.6230208595124404,1.0,0.0612765393043335,0
484,1.0,0.7863784870570495,0.0,0.36835594091345686,0
485,0.0,0.3088715757728072,1.0,0.49101247432823986,0
486,1.0,0.34656948982156316,0.0,0.5734644714029544,1
487,0.0,0.4345312892686604,0.0,0.9025151690127317,1
488,0.0,0.723548630309123,1.0,0.3050210990825343,0
489,1.0,0.37170143252073384,1.0,0.09519233813068421,0
490,1.0,0.10781603417944208,1.0,0.1479643574264506,0
491,1.0,0.34656948982156316,1.0,0.09938355221770383,0
492,1.0,0.2586076903744659,1.0,0.11536873578384468,0
493,0.0,0.685850716260367,1.0,0.32040626696878677,0
494,0.0,0.8869062578537321,1.0,0.24347042501123717,0
495,1.0,0.2586076903744659,1.0,0.11536873578384468,0
496,1.0,0.34656948982156316,1.0,0.09938355221770383,0
497,0.0,0.6732847449107816,0.0,0.8547127727378334,1
498,1.0,0.34656948982156316,1.0,0.09938355221770383,0
499,0.0,0.3088715757728072,0.0,0.9215892929363759,1
500,1.0,0.2963056044232219,1.0,0.10826060013746586,0
501,1.0,0.20834380497612465,1.0,0.12547467351980926,0
502,1.0,0.2586076903744659,0.0,0.6137388101924001,1
503,1.0,0.34656948982156316,0.0,0.5734644714029544,1
504,1.0,0.4596632319678311,0.0,0.5202925704655879,1
505,0.0,0.19577783362653933,0.0,0.9357715194944577,1
506,0.0,0.22090977632571,1.0,0.5327284754194966,1
507,0.5,0.4093993465694898,0.0,0.7729329477799037,1
508,0.0,0.34656948982156316,1.0,0.47313860745913705,0
509,1.0,0.34656948982156316,1.0,0.09938355221770383,0
510,1.0,0.32143754712239253,1.0,0.10373814357411491,0
511,1.0,0.35913546117114853,1.0,0.09726780478372725,0
512,1.0,0.34656948982156316,1.0,0.09938355221770383,0
513,0.0,0.4470972606182458,1.0,0.42593167035423163,0
514,0.0,0.6732847449107816,0.0,0.8547127727378334,1
515,1.0,0.2963056044232219,1.0,0.10826060013746586,0
516,0.0,0.5853229454636844,1.0,0.36331957685172184,0
517,0.5,0.4219653179190751,0.0,0.7687171909761457,1
518,1.0,0.34656948982156316,1.0,0.09938355221770383,0
519,0.5,0.4470972606182458,0.0,0.7601226046507918,1
520,1.0,0.39683337521990447,1.0,0.09115998559352682,0
521,0.0,0.37170143252073384,0.0,0.9125211288053081,1
522,1.0,0.2711736617240512,1.0,0.1129553653779606,0
523,1.0,0.34656948982156316,1.0,0.09938355221770383,0
524,0.0,0.5476250314149284,0.0,0.8819162820500299,1
525,1.0,0.34656948982156316,1.0,0.09938355221770383,0
526,1.0,0.5036441316913798,1.0,0.07568968724047871,0
527,0.5,0.6230208595124404,0.0,0.6940752315189868,1
528,0.0,0.34656948982156316,1.0,0.47313860745913705,0
529,1.0,0.4847951746670017,1.0,0.07823246386076023,0
530,0.5,0.2837396330736366,1.0,0.2618267083871544,0
531,0.5,0.01985423473234481,0.0,0.8770475386410009,1
532,1.0,0.34656948982156316,1.0,0.09938355221770383,0
533,1.0,0.20834380497612465,1.0,0.12547467351980926,0
534,1.0,0.34656948982156316,0.0,0.5734644714029544,1
535,1.0,0.37170143252073384,0.0,0.5617506982406497,1
536,0.5,0.08268409148027142,0.0,0.8635906019982622,1
537,0.0,0.5601910027645137,1.0,0.3744308066587185,0
538,0.0,0.37170143252073384,0.0,0.9125211288053081,1
539,1.0,0.34656948982156316,1.0,0.09938355221770383,0
540,0.0,0.2711736617240512,0.0,0.9266092687875409,1
541,0.0,0.4470972606182458,0.0,0.9003952217420756,1
542,1.0,0.10781603417944208,0.0,0.6790558410869445,1
543,1.0,0.1329479768786127,0.0,0.6685659326860454,1
544,0.5,0.39683337521990447,1.0,0.22247844123728305,0
545,0.0,0.6230208595124404,1.0,0.3469257254526695,0
546,0.0,0.7989444584066349,1.0,0.27554058335072273,0
547,0.5,0.2334757476752953,0.0,0.8262180839358361,1
548,0.5,0.34656948982156316,1.0,0.23942746409486723,0
549,1.0,0.4093993465694898,1.0,0.08920196746910661,0
550,0.5,0.09525006282985675,1.0,0.33659169569295194,0
551,0.0,0.20834380497612465,1.0,0.5386642561575888,1
552,0.5,0.33400351847197784,1.0,0.2438003212263422,0
553,1.0,0.34656948982156316,1.0,0.09938355221770383,0
554,1.0,0.2711736617240512,1.0,0.1129553653779606,0
555,1.0,0.2711736617240512,0.0,0.6080661504290076,1
556,0.0,0.7738125157074642,1.0,0.28516970121298113,0
557,0.0,0.5978889168132697,0.0,0.8716070375390288,1
558,0.0,0.34656948982156316,1.0,0.47313860745913705,0
559,0.0,0.4847951746670017,0.0,0.8937877160291975,1
560,1.0,0.4470972606182458,0.0,0.5262458393154443,1
561,1.0,0.34656948982156316,1.0,0.09938355221770383,0
562,1.0,0.49736114601658704,1.0,0.07652873385991152,0
563,0.5,0.34656948982156316,1.0,0.23942746409486723,0
564,1.0,0.34656948982156316,1.0,0.09938355221770383,0
565,1.0,0.34656948982156316,0.0,0.5734644714029544,1
566,1.0,0.2963056044232219,1.0,0.10826060013746586,0
567,1.0,0.2334757476752953,1.0,0.12033015375879,0
568,1.0,0.35913546117114853,0.0,0.5676170355359567,1
569,1.0,0.34656948982156316,1.0,0.09938355221770383,0
570,1.0,0.39683337521990447,1.0,0.09115998559352682,0
571,0.5,0.7738125157074642,1.0,0.12268644504867678,0
572,0.0,0.6607187735611963,0.0,0.8576512921066658,1
573,0.0,0.4470972606182458,1.0,0.42593167035423163,0
574,1.0,0.34656948982156316,0.0,0.5734644714029544,1
575,1.0,0.19577783362653933,1.0,0.12811689470779902,0
576,1.0,0.2334757476752953,1.0,0.12033015375879,0
577,0.5,0.4219653179190751,0.0,0.7687171909761457,1
578,0.0,0.4847951746670017,0.0,0.8937877160291975,1
579,1.0,0.34656948982156316,0.0,0.5734644714029544,1
580,1.0,0.39683337521990447,1.0,0.09115998559352682,0
581,0.5,0.3088715757728072,0.0,0.804689725246417,1
582,0.0,0.4847951746670017,0.0,0.8937877160291975,1
583,0.5,0.6732847449107816,1.0,0.14475909923747302,0
584,0.0,0.4470972606182458,1.0,0.42593167035423163,0
585,1.0,0.34656948982156316,1.0,0.09938355221770383,0
586,0.0,0.22090977632571,0.0,0.9328424214276587,1
587,0.5,0.5853229454636844,1.0,0.16669181193553428,0
588,0.0,0.7486805730082936,1.0,0.2949982980928426,0
589,1.0,0.2711736617240512,1.0,0.1129553653779606,0
590,1.0,0.34656948982156316,1.0,0.09938355221770383,0
591,1.0,0.4345312892686604,1.0,0.08539941717090296,0
592,0.0,0.648152802211611,0.0,0.8605400756785042,1
593,1.0,0.5853229454636844,1.0,0.06552649317130999,0
594,1.0,0.34656948982156316,0.0,0.5734644714029544,1
595,0.5,0.4596632319678311,1.0,0.202521890291638,0
596,1.0,0.4470972606182458,1.0,0.08355375471127424,0
597,0.5,0.34656948982156316,0.0,0.7931916220503656,1
598,1.0,0.610454888162855,1.0,0.06266375653320204,0
599,1.0,0.34656948982156316,1.0,0.09938355221770383,0
600,0.0,0.610454888162855,1.0,0.3523523544400142,0
601,0.5,0.2963056044232219,0.0,0.8084132038715794,1
602,1.0,0.34656948982156316,1.0,0.09938355221770383,0
603,0.0,0.34656948982156316,1.0,0.47313860745913705,0
604,1.0,0.5476250314149284,1.0,0.07004921507366701,0
605,0.0,0.4345312892686604,1.0,0.43177706086008744,0
606,1.0,0.4470972606182458,1.0,0.08355375471127424,0
607,1.0,0.37170143252073384,1.0,0.09519233813068421,0
608,0.0,0.33400351847197784,1.0,0.47909118319610156,0
609,0.5,0.2711736617240512,0.0,0.815697096773997,1
610,0.0,0.49736114601658704,0.0,0.8915007942178919,1
611,1.0,0.4847951746670017,0.0,0.5083704174322738,1
612,1.0,0.34656948982156316,1.0,0.09938355221770383,0
613,1.0,0.34656948982156316,0.0,0.5734644714029544,1
614,1.0,0.34656948982156316,1.0,0.09938355221770383,0
615,1.0,0.4345312892686604,1.0,0.08539941717090296,0
616,0.5,0.2963056044232219,0.0,0.8084132038715794,1
617,1.0,0.4219653179190751,1.0,0.08728196653191063,0
618,1.0,0.32143754712239253,0.0,0.585096399192262,1
619,0.5,0.04498617743151546,0.0,0.8718072443472485,1
620,0.5,0.32143754712239253,1.0,0.24822697794550783,0
621,1.0,0.33400351847197784,1.0,0.10154014440066172,0
622,0.0,0.5224930887157577,1.0,0.39134554831619206,0
623,1.0,0.24604171902488062,1.0,0.11782682033784951,0
624,1.0,0.2586076903744659,1.0,0.11536873578384468,0
625,1.0,0.2586076903744659,1.0,0.11536873578384468,0
626,0.0,0.7612465443578789,1.0,0.29005937899284706,0
627,0.5,0.7109826589595376,1.0,0.1361187853472861,0
628,0.0,0.2586076903744659,0.0,0.9282157680566557,1
629,1.0,0.32143754712239253,1.0,0.10373814357411491,0
630,1.0,0.34656948982156316,1.0,0.09938355221770383,0
631,0.0,1.0,1.0,0.2061105449906649,0
632,1.0,0.6355868308620256,1.0,0.05991806849357647,0
633,0.0,0.39683337521990447,1.0,0.4494212617837803,0
634,0.0,0.34656948982156316,1.0,0.47313860745913705,0
635,1.0,0.10781603417944208,0.0,0.6790558410869445,1
636,0.5,0.34656948982156316,0.0,0.7931916220503656,1
637,1.0,0.39683337521990447,1.0,0.09115998559352682,0
638,0.5,0.38426740387031916,1.0,0.22663398490823425,0
639,1.0,0.5099271173661725,0.0,0.496438736104454,0
640,1.0,0.34656948982156316,1.0,0.09938355221770383,0
641,1.0,0.24604171902488062,1.0,0.11782682033784951,0
642,0.0,0.2963056044232219,0.0,0.9232965816668455,1
643,1.0,0.01985423473234481,0.0,0.7143266952056755,1
644,1.0,0.34656948982156316,1.0,0.09938355221770383,0
645,1.0,0.0041467705453631576,0.0,0.7203750737581233,1
646,0.0,0.5978889168132697,1.0,0.3578173595644258,0
647,1.0,0.2334757476752953,1.0,0.12033015375879,0
648,0.0,0.6984166876099522,1.0,0.3152321680371996,0
649,1.0,0.34656948982156316,1.0,0.09938355221770383,0
650,1.0,0.2837396330736366,0.0,0.6023641567836073,1
651,1.0,0.34656948982156316,1.0,0.09938355221770383,0
652,0.5,0.22090977632571,0.0,0.8296180387378906,1
653,1.0,0.2586076903744659,1.0,0.11536873578384468,0
654,1.0,0.34656948982156316,0.0,0.5734644714029544,1
655,1.0,0.22090977632571,0.0,0.6305671802860017,1
656,0.5,0.2963056044232219,1.0,0.25724051325266417,0
657,1.0,0.34656948982156316,1.0,0.09938355221770383,0
658,1.0,0.39683337521990447,0.0,0.5499676845767131,1
659,0.5,0.2837396330736366,1.0,0.2618267083871544,0
660,0.0,0.723548630309123,1.0,0.3050210990825343,0
661,0.0,0.6230208595124404,1.0,0.3469257254526695,0
662,1.0,0.49736114601658704,1.0,0.07652873385991152,0
663,0.0,0.5853229454636844,1.0,0.36331957685172184,0
664,1.0,0.4470972606182458,1.0,0.08355375471127424,0
665,1.0,0.24604171902488062,1.0,0.11782682033784951,0
666,0.5,0.39683337521990447,1.0,0.22247844123728305,0
667,0.5,0.3088715757728072,1.0,0.2527071494709588,0
668,1.0,0.34656948982156316,1.0,0.09938355221770383,0
669,1.0,0.5350590600653431,1.0,0.0716198814212124,0
670,0.0,0.34656948982156316,0.0,0.9162569796322024,1
671,0.5,0.49736114601658704,0.0,0.7422874236856993,1
672,0.0,0.38426740387031916,1.0,0.45533332747558014,0
673,0.5,0.8743402865041467,1.0,0.10357181336846691,0
674,0.5,0.38426740387031916,1.0,0.22663398490823425,0
675,0.5,0.34656948982156316,1.0,0.23942746409486723,0
676,1.0,0.22090977632571,1.0,0.12287926438831145,0
677,1.0,0.30258859009801453,1.0,0.10711400470695832,0
678,1.0,0.22090977632571,0.0,0.6305671802860017,1
679,1.0,0.5350590600653431,0.0,0.48451110959918703,0
680,0.0,0.4470972606182458,1.0,0.42593167035423163,0
681,1.0,0.34656948982156316,0.0,0.5734644714029544,1
682,0.0,0.33400351847197784,1.0,0.47909118319610156,0
683,1.0,0.24604171902488062,1.0,0.11782682033784951,0
684,1.0,0.17064589092736868,1.0,0.13354378449850648,0
685,0.5,0.7486805730082936,1.0,0.12791705520260535,0
686,0.5,0.3088715757728072,1.0,0.2527071494709588,0
687,1.0,0.17064589092736868,1.0,0.13354378449850648,0
688,1.0,0.2334757476752953,1.0,0.12033015375879,0
689,1.0,0.22090977632571,1.0,0.12287926438831145,0
690,0.0,0.18321186227695402,0.0,0.9371910546688434,1
691,0.0,0.38426740387031916,1.0,0.45533332747558014,0
692,1.0,0.04498617743151546,0.0,0.7044879166860133,1
693,1.0,0.34656948982156316,1.0,0.09938355221770383,0
694,1.0,0.3088715757728072,1.0,0.10597810974161165,0
695,0.0,0.7486805730082936,1.0,0.2949982980928426,0
696,0.5,0.648152802211611,1.0,0.15076903280198703,0
697,1.0,0.5476250314149284,1.0,0.07004921507366701,0
698,1.0,0.34656948982156316,0.0,0.5734644714029544,1
699,0.0,0.610454888162855,1.0,0.3523523544400142,0
700,1.0,0.5224930887157577,1.0,0.07322299274755588,0
701,0.0,0.22090977632571,0.0,0.9328424214276587,1
702,0.0,0.4345312892686604,1.0,0.43177706086008744,0
703,1.0,0.22090977632571,0.0,0.6305671802860017,1
704,1.0,0.3088715757728072,1.0,0.10597810974161165,0
705,1.0,0.32143754712239253,1.0,0.10373814357411491,0
706,0.5,0.4847951746670017,1.0,0.1949225004926667,0
707,0.5,0.5601910027645137,0.0,0.7188099812416494,1
708,0.0,0.5224930887157577,1.0,0.39134554831619206,0
709,0.0,0.2711736617240512,0.0,0.9266092687875409,1
710,1.0,0.34656948982156316,1.0,0.09938355221770383,0
711,0.0,0.2963056044232219,0.0,0.9232965816668455,1
712,0.0,0.34656948982156316,1.0,0.47313860745913705,0
713,0.0,0.5978889168132697,1.0,0.3578173595644258,0
714,1.0,0.35913546117114853,1.0,0.09726780478372725,0
715,0.5,0.648152802211611,1.0,0.15076903280198703,0
716,1.0,0.2334757476752953,1.0,0.12033015375879,0
717,0.0,0.4722292033174164,0.0,0.8960320561383252,1
718,0.5,0.33400351847197784,0.0,0.7970790279255902,1
719,1.0,0.34656948982156316,1.0,0.09938355221770383,0
720,1.0,0.4093993465694898,1.0,0.08920196746910661,0
721,0.5,0.0701181201306861,0.0,0.8663776336454111,1
722,1.0,0.20834380497612465,1.0,0.12547467351980926,0
723,0.5,0.4219653179190751,1.0,0.21433146681613632,0
724,0.5,0.6230208595124404,1.0,0.1569826804551125,0
725,0.0,0.33400351847197784,1.0,0.47909118319610156,0
726,1.0,0.24604171902488062,1.0,0.11782682033784951,0
727,0.5,0.37170143252073384,0.0,0.7852524465326375,1
728,1.0,0.34656948982156316,0.0,0.5734644714029544,1
729,0.5,0.3088715757728072,1.0,0.2527071494709588,0
730,1.0,0.3088715757728072,0.0,0.5908778292310296,1
731,0.0,0.35913546117114853,0.0,0.9144075268539162,1
732,1.0,0.1329479768786127,1.0,0.14204752315567667,0
733,0.5,0.34656948982156316,1.0,0.23942746409486723,0
734,0.5,0.2837396330736366,1.0,0.2618267083871544,0
735,0.5,0.2837396330736366,1.0,0.2618267083871544,0
736,1.0,0.35285247549635584,1.0,0.09832060812048848,0
737,1.0,0.5978889168132697,0.0,0.4547985892706228,0
738,0.0,0.4345312892686604,1.0,0.43177706086008744,0
739,1.0,0.34656948982156316,1.0,0.09938355221770383,0
740,1.0,0.34656948982156316,1.0,0.09938355221770383,0
741,0.0,0.34656948982156316,1.0,0.47313860745913705,0
742,0.0,0.4470972606182458,1.0,0.42593167035423163,0
743,0.0,0.2586076903744659,0.0,0.9282157680566557,1
744,1.0,0.2963056044232219,1.0,0.10826060013746586,0
745,1.0,0.38426740387031916,1.0,0.09315658705574065,0
746,0.0,0.8743402865041467,1.0,0.24789305541137094,0
747,1.0,0.19577783362653933,1.0,0.12811689470779902,0
748,0.5,0.37170143252073384,0.0,0.7852524465326375,1
749,0.0,0.2334757476752953,1.0,0.526783415393757,1
750,1.0,0.38426740387031916,1.0,0.09315658705574065,0
751,0.5,0.04498617743151546,0.0,0.8718072443472485,1
752,1.0,0.0701181201306861,1.0,0.15721974178952802,0
753,1.0,0.4093993465694898,1.0,0.08920196746910661,0
754,1.0,0.2837396330736366,1.0,0.1105861686755344,0
755,0.5,0.5978889168132697,0.0,0.704115084392461,1
756,0.5,0.003141492837396331,1.0,0.3766975561587731,0
757,1.0,0.34656948982156316,1.0,0.09938355221770383,0
758,0.5,0.22090977632571,1.0,0.28553477370235125,0
759,1.0,0.4219653179190751,1.0,0.08728196653191063,0
760,0.0,0.4093993465694898,0.0,0.9066346110606035,1
761,1.0,0.34656948982156316,1.0,0.09938355221770383,0
762,1.0,0.5099271173661725,1.0,0.07485909406204065,0
763,1.0,0.24604171902488062,1.0,0.11782682033784951,0
764,0.0,0.4470972606182458,0.0,0.9003952217420756,1
765,1.0,0.19577783362653933,1.0,0.12811689470779902,0
766,0.0,0.6355868308620256,0.0,0.8633795737020901,1
767,0.0,0.34656948982156316,1.0,0.47313860745913705,0
768,1.0,0.3779844181955265,0.0,0.5588109365619306,1
769,1.0,0.34656948982156316,1.0,0.09938355221770383,0
770,1.0,0.39683337521990447,1.0,0.09115998559352682,0
771,1.0,0.2963056044232219,1.0,0.10826060013746586,0
772,1.0,0.5978889168132697,1.0,0.06408023468250176,0
773,0.5,0.7109826589595376,0.0,0.6575028606473087,1
774,1.0,0.34656948982156316,1.0,0.09938355221770383,0
775,0.5,0.6732847449107816,0.0,0.6734390643054621,1
776,1.0,0.22090977632571,1.0,0.12287926438831145,0
777,1.0,0.34656948982156316,1.0,0.09938355221770383,0
778,1.0,0.05755214878110078,0.0,0.6994954523268194,1
779,1.0,0.34656948982156316,1.0,0.09938355221770383,0
780,0.0,0.5350590600653431,0.0,0.8843790235437239,1
781,1.0,0.15807991957778336,0.0,0.6579058911094784,1
782,0.0,0.20834380497612465,0.0,0.9343221499651037,1
783,0.0,0.35913546117114853,1.0,0.46719365824957104,0
784,1.0,0.34656948982156316,1.0,0.09938355221770383,0
785,1.0,0.3088715757728072,1.0,0.10597810974161165,0
786,1.0,0.3088715757728072,1.0,0.10597810974161165,0
787,1.0,0.22090977632571,0.0,0.6305671802860017,1
788,1.0,0.09525006282985675,1.0,0.1509983915410476,0
789,1.0,0.007288263382759488,1.0,0.17368445144084535,0
790,0.0,0.5727569741140991,1.0,0.36885780509089033,0
791,1.0,0.34656948982156316,1.0,0.09938355221770383,0
792,0.5,0.19577783362653933,1.0,0.29537075394789264,0
793,1.0,0.34656948982156316,0.0,0.5734644714029544,1
794,0.0,0.34656948982156316,1.0,0.47313860745913705,0
795,1.0,0.3088715757728072,1.0,0.10597810974161165,0
796,0.5,0.4847951746670017,1.0,0.1949225004926667,0
797,0.0,0.610454888162855,0.0,0.8689125750850442,1
798,1.0,0.38426740387031916,0.0,0.5558670460034015,1
799,1.0,0.37170143252073384,1.0,0.09519233813068421,0
800,1.0,0.37170143252073384,0.0,0.5617506982406497,1
801,0.5,0.4219653179190751,1.0,0.21433146681613632,0
802,0.5,0.38426740387031916,0.0,0.7812006683168177,1
803,0.0,0.1329479768786127,1.0,0.5739918417850944,1
804,1.0,0.0,1.0,0.17567997217848225,0
805,1.0,0.33400351847197784,1.0,0.10154014440066172,0
806,1.0,0.38426740387031916,1.0,0.09315658705574065,0
807,0.0,0.4847951746670017,1.0,0.40852540306649204,0
808,1.0,0.22090977632571,0.0,0.6305671802860017,1
809,0.5,0.4847951746670017,1.0,0.1949225004926667,0
810,0.0,0.4093993465694898,0.0,0.9066346110606035,1
811,1.0,0.32143754712239253,1.0,0.10373814357411491,0
812,1.0,0.4847951746670017,1.0,0.07823246386076023,0
813,0.5,0.4345312892686604,1.0,0.21034014845593446,0
814,1.0,0.0701181201306861,0.0,0.6944552249059909,1
815,1.0,0.3779844181955265,1.0,0.09416953350631556,0
816,0.0,0.34656948982156316,1.0,0.47313860745913705,0
817,1.0,0.2837396330736366,0.0,0.6023641567836073,1
818,0.5,0.38426740387031916,1.0,0.22663398490823425,0
819,1.0,0.5350590600653431,1.0,0.0716198814212124,0
820,1.0,0.12038200552902739,1.0,0.14498087614894634,0
821,0.0,0.648152802211611,0.0,0.8605400756785042,1
822,1.0,0.33400351847197784,1.0,0.10154014440066172,0
823,0.0,0.4722292033174164,1.0,0.4143043130187995,0
824,1.0,0.33400351847197784,0.0,0.5792914402887082,1
825,1.0,0.01985423473234481,1.0,0.17028601047797376,0
826,1.0,0.34656948982156316,1.0,0.09938355221770383,0
827,1.0,0.34656948982156316,1.0,0.09938355221770383,0
828,0.5,0.007288263382759488,1.0,0.37485022776490745,0
829,1.0,0.34656948982156316,1.0,0.09938355221770383,0
830,0.0,0.7738125157074642,0.0,0.8293648386437178,1
831,1.0,0.18321186227695402,0.0,0.6470839736789733,1
832,0.5,0.005152048253329982,1.0,0.3758014304011813,0
833,1.0,0.34656948982156316,1.0,0.09938355221770383,0
834,1.0,0.2837396330736366,1.0,0.1105861686755344,0
835,1.0,0.22090977632571,1.0,0.12287926438831145,0
836,0.0,0.4847951746670017,0.0,0.8937877160291975,1
837,1.0,0.2586076903744659,1.0,0.11536873578384468,0
838,1.0,0.34656948982156316,1.0,0.09938355221770383,0
839,1.0,0.39683337521990447,1.0,0.09115998559352682,0
840,0.0,0.34656948982156316,1.0,0.47313860745913705,0
841,1.0,0.24604171902488062,1.0,0.11782682033784951,0
842,0.5,0.19577783362653933,1.0,0.29537075394789264,0
843,0.0,0.37170143252073384,0.0,0.9125211288053081,1
844,1.0,0.4282483035938678,1.0,0.08633604572302549,0
845,1.0,0.20834380497612465,1.0,0.12547467351980926,0
846,1.0,0.5224930887157577,1.0,0.07322299274755588,0
847,1.0,0.34656948982156316,1.0,0.09938355221770383,0
848,1.0,0.4345312892686604,1.0,0.08539941717090296,0
849,0.5,0.34656948982156316,1.0,0.23942746409486723,0
850,0.0,0.34656948982156316,0.0,0.9162569796322024,1
851,1.0,0.04498617743151546,1.0,0.16364801236947868,0
852,1.0,0.9246041719024881,1.0,0.035506578726666495,0
853,1.0,0.10781603417944208,0.0,0.6790558410869445,1
854,0.0,0.19577783362653933,0.0,0.9357715194944577,1
855,0.5,0.5476250314149284,0.0,0.7236083525082414,1
856,1.0,0.22090977632571,0.0,0.6305671802860017,1
857,0.0,0.5601910027645137,0.0,0.879408236717912,1
858,0.0,0.6355868308620256,1.0,0.34153859859015634,0
859,1.0,0.2963056044232219,0.0,0.5966342371518334,1
860,1.0,0.34656948982156316,1.0,0.09938355221770383,0
861,1.0,0.5099271173661725,1.0,0.07485909406204065,0
862,0.5,0.2586076903744659,1.0,0.2711559541300368,0
863,0.0,0.5978889168132697,0.0,0.8716070375390288,1
864,1.0,0.34656948982156316,0.0,0.5734644714029544,1
865,0.5,0.2963056044232219,1.0,0.25724051325266417,0
866,0.5,0.5224930887157577,0.0,0.7330517574723008,1
867,0.5,0.33400351847197784,0.0,0.7970790279255902,1
868,0.0,0.38426740387031916,1.0,0.45533332747558014,0
869,1.0,0.34656948982156316,1.0,0.09938355221770383,0
870,1.0,0.04498617743151546,1.0,0.16364801236947868,0
871,1.0,0.32143754712239253,1.0,0.10373814357411491,0
872,0.0,0.5853229454636844,0.0,0.8742541310817522,1
873,0.0,0.4093993465694898,1.0,0.44352345069229304,0
874,1.0,0.5853229454636844,1.0,0.06552649317130999,0
875,0.5,0.34656948982156316,0.0,0.7931916220503656,1
876,1.0,0.18321186227695402,0.0,0.6470839736789733,1
877,1.0,0.24604171902488062,1.0,0.11782682033784951,0
878,1.0,0.2334757476752953,1.0,0.12033015375879,0
879,1.0,0.34656948982156316,1.0,0.09938355221770383,0
880,0.0,0.6984166876099522,0.0,0.8486847923250231,1
881,0.5,0.3088715757728072,0.0,0.804689725246417,1
882,1.0,0.4093993465694898,1.0,0.08920196746910661,0
883,1.0,0.2711736617240512,0.0,0.6080661504290076,1
884,0.5,0.34656948982156316,1.0,0.23942746409486723,0
885,1.0,0.3088715757728072,1.0,0.10597810974161165,0
886,1.0,0.4847951746670017,0.0,0.5083704174322738,1
887,0.5,0.33400351847197784,1.0,0.2438003212263422,0
888,0.0,0.2334757476752953,0.0,0.9313318046729122,1
889,1.0,0.34656948982156316,0.0,0.5734644714029544,1
890,0.0,0.32143754712239253,1.0,0.4850497021669661,0
891,1.0,0.39683337521990447,1.0,0.09115998559352682,0
